<?xml version="1.0" encoding="UTF-8"?>
<config xmlns="http://www.knime.org/2008/09/XMLConfig" xmlns:xsi="http://www.w3.org/2001/XMLSchema-instance" xsi:schemaLocation="http://www.knime.org/2008/09/XMLConfig http://www.knime.org/XMLConfig_2008_09.xsd" key="model.xml">
<entry key="version" type="xint" value="1"/>
<entry key="class_name" type="xstring" value="org.knime.base.data.normalize.NormalizerPortObject"/>
<config key="model">
<config key="columns">
<config key="Col0">
<entry key="column_name" type="xstring" value="Col0"/>
<entry key="column_scale" type="xdouble" value="0.3064959264398786"/>
<entry key="column_translate" type="xdouble" value="-0.08469822848384326"/>
<entry key="column_min" type="xdouble" value="0.0"/>
<entry key="column_max" type="xdouble" value="1.0"/>
</config>
<config key="Col1">
<entry key="column_name" type="xstring" value="Col1"/>
<entry key="column_scale" type="xdouble" value="0.2082610381273794"/>
<entry key="column_translate" type="xdouble" value="0.4961573310516649"/>
<entry key="column_min" type="xdouble" value="0.0"/>
<entry key="column_max" type="xdouble" value="1.0"/>
</config>
<config key="Col2">
<entry key="column_name" type="xstring" value="Col2"/>
<entry key="column_scale" type="xdouble" value="0.2878449960669525"/>
<entry key="column_translate" type="xdouble" value="0.4996556953560667"/>
<entry key="column_min" type="xdouble" value="0.0"/>
<entry key="column_max" type="xdouble" value="1.0"/>
</config>
<config key="Col3">
<entry key="column_name" type="xstring" value="Col3"/>
<entry key="column_scale" type="xdouble" value="0.2062772488076969"/>
<entry key="column_translate" type="xdouble" value="-0.008858899458821587"/>
<entry key="column_min" type="xdouble" value="0.0"/>
<entry key="column_max" type="xdouble" value="1.0"/>
</config>
<config key="Col4">
<entry key="column_name" type="xstring" value="Col4"/>
<entry key="column_scale" type="xdouble" value="0.2875836496478487"/>
<entry key="column_translate" type="xdouble" value="0.49910673146543216"/>
<entry key="column_min" type="xdouble" value="0.0"/>
<entry key="column_max" type="xdouble" value="1.0"/>
</config>
<config key="Col5">
<entry key="column_name" type="xstring" value="Col5"/>
<entry key="column_scale" type="xdouble" value="0.23064442586671222"/>
<entry key="column_translate" type="xdouble" value="-0.060808385588303225"/>
<entry key="column_min" type="xdouble" value="0.0"/>
<entry key="column_max" type="xdouble" value="1.0"/>
</config>
<config key="Col6">
<entry key="column_name" type="xstring" value="Col6"/>
<entry key="column_scale" type="xdouble" value="0.17110580760534258"/>
<entry key="column_translate" type="xdouble" value="0.5027153021226434"/>
<entry key="column_min" type="xdouble" value="0.0"/>
<entry key="column_max" type="xdouble" value="1.0"/>
</config>
<config key="Col7">
<entry key="column_name" type="xstring" value="Col7"/>
<entry key="column_scale" type="xdouble" value="0.28731720733393545"/>
<entry key="column_translate" type="xdouble" value="0.49965036701530635"/>
<entry key="column_min" type="xdouble" value="0.0"/>
<entry key="column_max" type="xdouble" value="1.0"/>
</config>
<config key="Col8">
<entry key="column_name" type="xstring" value="Col8"/>
<entry key="column_scale" type="xdouble" value="0.4601771542662264"/>
<entry key="column_translate" type="xdouble" value="0.0"/>
<entry key="column_min" type="xdouble" value="0.0"/>
<entry key="column_max" type="xdouble" value="1.0"/>
</config>
<config key="Col9">
<entry key="column_name" type="xstring" value="Col9"/>
<entry key="column_scale" type="xdouble" value="0.25321486827412043"/>
<entry key="column_translate" type="xdouble" value="-0.0481078812758279"/>
<entry key="column_min" type="xdouble" value="0.0"/>
<entry key="column_max" type="xdouble" value="1.0"/>
</config>
<config key="Col10">
<entry key="column_name" type="xstring" value="Col10"/>
<entry key="column_scale" type="xdouble" value="0.17328227288880935"/>
<entry key="column_translate" type="xdouble" value="0.4962023195336442"/>
<entry key="column_min" type="xdouble" value="0.0"/>
<entry key="column_max" type="xdouble" value="1.0"/>
</config>
<config key="Col11">
<entry key="column_name" type="xstring" value="Col11"/>
<entry key="column_scale" type="xdouble" value="0.2874939891276338"/>
<entry key="column_translate" type="xdouble" value="0.5002833433812991"/>
<entry key="column_min" type="xdouble" value="0.0"/>
<entry key="column_max" type="xdouble" value="1.0"/>
</config>
<config key="Col12">
<entry key="column_name" type="xstring" value="Col12"/>
<entry key="column_scale" type="xdouble" value="0.4514933346049725"/>
<entry key="column_translate" type="xdouble" value="0.0"/>
<entry key="column_min" type="xdouble" value="0.0"/>
<entry key="column_max" type="xdouble" value="1.0"/>
</config>
<config key="Col13">
<entry key="column_name" type="xstring" value="Col13"/>
<entry key="column_scale" type="xdouble" value="0.3099825254843807"/>
<entry key="column_translate" type="xdouble" value="-0.08410910109966442"/>
<entry key="column_min" type="xdouble" value="0.0"/>
<entry key="column_max" type="xdouble" value="1.0"/>
</config>
<config key="Col14">
<entry key="column_name" type="xstring" value="Col14"/>
<entry key="column_scale" type="xdouble" value="0.18423626425805825"/>
<entry key="column_translate" type="xdouble" value="0.49803956777808633"/>
<entry key="column_min" type="xdouble" value="0.0"/>
<entry key="column_max" type="xdouble" value="1.0"/>
</config>
<config key="Col15">
<entry key="column_name" type="xstring" value="Col15"/>
<entry key="column_scale" type="xdouble" value="0.2871307750630689"/>
<entry key="column_translate" type="xdouble" value="0.500042255275466"/>
<entry key="column_min" type="xdouble" value="0.0"/>
<entry key="column_max" type="xdouble" value="1.0"/>
</config>
<config key="Col16">
<entry key="column_name" type="xstring" value="Col16"/>
<entry key="column_scale" type="xdouble" value="0.39243010965165886"/>
<entry key="column_translate" type="xdouble" value="0.0"/>
<entry key="column_min" type="xdouble" value="0.0"/>
<entry key="column_max" type="xdouble" value="1.0"/>
</config>
<config key="Col17">
<entry key="column_name" type="xstring" value="Col17"/>
<entry key="column_scale" type="xdouble" value="0.28236031469044903"/>
<entry key="column_translate" type="xdouble" value="-0.103230238167026"/>
<entry key="column_min" type="xdouble" value="0.0"/>
<entry key="column_max" type="xdouble" value="1.0"/>
</config>
<config key="Col18">
<entry key="column_name" type="xstring" value="Col18"/>
<entry key="column_scale" type="xdouble" value="0.20089258045490394"/>
<entry key="column_translate" type="xdouble" value="0.4991723480724667"/>
<entry key="column_min" type="xdouble" value="0.0"/>
<entry key="column_max" type="xdouble" value="1.0"/>
</config>
<config key="Col19">
<entry key="column_name" type="xstring" value="Col19"/>
<entry key="column_scale" type="xdouble" value="0.28717653216130345"/>
<entry key="column_translate" type="xdouble" value="0.4995037423360097"/>
<entry key="column_min" type="xdouble" value="0.0"/>
<entry key="column_max" type="xdouble" value="1.0"/>
</config>
<config key="Col20">
<entry key="column_name" type="xstring" value="Col20"/>
<entry key="column_scale" type="xdouble" value="0.32237667699237443"/>
<entry key="column_translate" type="xdouble" value="0.0"/>
<entry key="column_min" type="xdouble" value="0.0"/>
<entry key="column_max" type="xdouble" value="1.0"/>
</config>
</config>
<entry key="summary" type="xstring" value="Min/Max (0.0, 1) normalization on 21 column(s)"/>
</config>
</config>
