<?xml version="1.0" encoding="UTF-8"?>
<config xmlns="http://www.knime.org/2008/09/XMLConfig" xmlns:xsi="http://www.w3.org/2001/XMLSchema-instance" xsi:schemaLocation="http://www.knime.org/2008/09/XMLConfig http://www.knime.org/XMLConfig_2008_09.xsd" key="model.xml">
<entry key="version" type="xint" value="1"/>
<entry key="class_name" type="xstring" value="org.knime.base.data.normalize.NormalizerPortObject"/>
<config key="model">
<config key="columns">
<config key="Col0">
<entry key="column_name" type="xstring" value="Col0"/>
<entry key="column_scale" type="xdouble" value="0.13283601769032785"/>
<entry key="column_translate" type="xdouble" value="-0.036489608809259"/>
<entry key="column_min" type="xdouble" value="0.0"/>
<entry key="column_max" type="xdouble" value="1.0"/>
</config>
<config key="Col1">
<entry key="column_name" type="xstring" value="Col1"/>
<entry key="column_scale" type="xdouble" value="0.20538646460271004"/>
<entry key="column_translate" type="xdouble" value="0.5001111327603854"/>
<entry key="column_min" type="xdouble" value="0.0"/>
<entry key="column_max" type="xdouble" value="1.0"/>
</config>
<config key="Col2">
<entry key="column_name" type="xstring" value="Col2"/>
<entry key="column_scale" type="xdouble" value="0.28688278076377655"/>
<entry key="column_translate" type="xdouble" value="0.4998956243697535"/>
<entry key="column_min" type="xdouble" value="0.0"/>
<entry key="column_max" type="xdouble" value="1.0"/>
</config>
<config key="Col3">
<entry key="column_name" type="xstring" value="Col3"/>
<entry key="column_scale" type="xdouble" value="0.11614282669368853"/>
<entry key="column_translate" type="xdouble" value="-2.9075024524047457E-4"/>
<entry key="column_min" type="xdouble" value="0.0"/>
<entry key="column_max" type="xdouble" value="1.0"/>
</config>
<config key="Col4">
<entry key="column_name" type="xstring" value="Col4"/>
<entry key="column_scale" type="xdouble" value="0.2867638897173984"/>
<entry key="column_translate" type="xdouble" value="0.5000968287846594"/>
<entry key="column_min" type="xdouble" value="0.0"/>
<entry key="column_max" type="xdouble" value="1.0"/>
</config>
<config key="Col5">
<entry key="column_name" type="xstring" value="Col5"/>
<entry key="column_scale" type="xdouble" value="0.12790338962394346"/>
<entry key="column_translate" type="xdouble" value="-0.020153022958017883"/>
<entry key="column_min" type="xdouble" value="0.0"/>
<entry key="column_max" type="xdouble" value="1.0"/>
</config>
<config key="Col6">
<entry key="column_name" type="xstring" value="Col6"/>
<entry key="column_scale" type="xdouble" value="0.16836719661157676"/>
<entry key="column_translate" type="xdouble" value="0.5000042951798528"/>
<entry key="column_min" type="xdouble" value="0.0"/>
<entry key="column_max" type="xdouble" value="1.0"/>
</config>
<config key="Col7">
<entry key="column_name" type="xstring" value="Col7"/>
<entry key="column_scale" type="xdouble" value="0.2871342739094609"/>
<entry key="column_translate" type="xdouble" value="0.4999689371164354"/>
<entry key="column_min" type="xdouble" value="0.0"/>
<entry key="column_max" type="xdouble" value="1.0"/>
</config>
<config key="Col8">
<entry key="column_name" type="xstring" value="Col8"/>
<entry key="column_scale" type="xdouble" value="0.4601771542662264"/>
<entry key="column_translate" type="xdouble" value="0.0"/>
<entry key="column_min" type="xdouble" value="0.0"/>
<entry key="column_max" type="xdouble" value="1.0"/>
</config>
<config key="Col9">
<entry key="column_name" type="xstring" value="Col9"/>
<entry key="column_scale" type="xdouble" value="0.15321947710469447"/>
<entry key="column_translate" type="xdouble" value="-0.029052048473490473"/>
<entry key="column_min" type="xdouble" value="0.0"/>
<entry key="column_max" type="xdouble" value="1.0"/>
</config>
<config key="Col10">
<entry key="column_name" type="xstring" value="Col10"/>
<entry key="column_scale" type="xdouble" value="0.17166415723919212"/>
<entry key="column_translate" type="xdouble" value="0.4999062750530058"/>
<entry key="column_min" type="xdouble" value="0.0"/>
<entry key="column_max" type="xdouble" value="1.0"/>
</config>
<config key="Col11">
<entry key="column_name" type="xstring" value="Col11"/>
<entry key="column_scale" type="xdouble" value="0.28689905835322094"/>
<entry key="column_translate" type="xdouble" value="0.49988479382061207"/>
<entry key="column_min" type="xdouble" value="0.0"/>
<entry key="column_max" type="xdouble" value="1.0"/>
</config>
<config key="Col12">
<entry key="column_name" type="xstring" value="Col12"/>
<entry key="column_scale" type="xdouble" value="0.4514933346049725"/>
<entry key="column_translate" type="xdouble" value="0.0"/>
<entry key="column_min" type="xdouble" value="0.0"/>
<entry key="column_max" type="xdouble" value="1.0"/>
</config>
<config key="Col13">
<entry key="column_name" type="xstring" value="Col13"/>
<entry key="column_scale" type="xdouble" value="0.1162434432980625"/>
<entry key="column_translate" type="xdouble" value="-0.030642657567077743"/>
<entry key="column_min" type="xdouble" value="0.0"/>
<entry key="column_max" type="xdouble" value="1.0"/>
</config>
<config key="Col14">
<entry key="column_name" type="xstring" value="Col14"/>
<entry key="column_scale" type="xdouble" value="0.18316119510436965"/>
<entry key="column_translate" type="xdouble" value="0.4999683181173687"/>
<entry key="column_min" type="xdouble" value="0.0"/>
<entry key="column_max" type="xdouble" value="1.0"/>
</config>
<config key="Col15">
<entry key="column_name" type="xstring" value="Col15"/>
<entry key="column_scale" type="xdouble" value="0.2869479414687783"/>
<entry key="column_translate" type="xdouble" value="0.4998830467448376"/>
<entry key="column_min" type="xdouble" value="0.0"/>
<entry key="column_max" type="xdouble" value="1.0"/>
</config>
<config key="Col16">
<entry key="column_name" type="xstring" value="Col16"/>
<entry key="column_scale" type="xdouble" value="0.39243010965165886"/>
<entry key="column_translate" type="xdouble" value="0.0"/>
<entry key="column_min" type="xdouble" value="0.0"/>
<entry key="column_max" type="xdouble" value="1.0"/>
</config>
<config key="Col17">
<entry key="column_name" type="xstring" value="Col17"/>
<entry key="column_scale" type="xdouble" value="0.12495719757169664"/>
<entry key="column_translate" type="xdouble" value="-0.045653630771875967"/>
<entry key="column_min" type="xdouble" value="0.0"/>
<entry key="column_max" type="xdouble" value="1.0"/>
</config>
<config key="Col18">
<entry key="column_name" type="xstring" value="Col18"/>
<entry key="column_scale" type="xdouble" value="0.2001892257223842"/>
<entry key="column_translate" type="xdouble" value="0.49992551915961747"/>
<entry key="column_min" type="xdouble" value="0.0"/>
<entry key="column_max" type="xdouble" value="1.0"/>
</config>
<config key="Col19">
<entry key="column_name" type="xstring" value="Col19"/>
<entry key="column_scale" type="xdouble" value="0.28685653838974007"/>
<entry key="column_translate" type="xdouble" value="0.4999022508364931"/>
<entry key="column_min" type="xdouble" value="0.0"/>
<entry key="column_max" type="xdouble" value="1.0"/>
</config>
<config key="Col20">
<entry key="column_name" type="xstring" value="Col20"/>
<entry key="column_scale" type="xdouble" value="0.32237667699237443"/>
<entry key="column_translate" type="xdouble" value="0.0"/>
<entry key="column_min" type="xdouble" value="0.0"/>
<entry key="column_max" type="xdouble" value="1.0"/>
</config>
</config>
<entry key="summary" type="xstring" value="Min/Max (0.0, 1) normalization on 21 column(s)"/>
</config>
</config>
